VP,baseline-eye_0_lhipa,baseline-eye_1_lhipa,baseline-HRV,baseline-HR,baseline-HR_max,baseline-HR_min,baseline-HR_std,Nback_LL-eye_0_lhipa,Nback_LL-eye_1_lhipa,Nback_LL-HRV,Nback_LL-HR,Nback_LL-HR_max,Nback_LL-HR_min,Nback_LL-HR_std,Nback_LL-Driving_Performance,Nback_LL-Secondary_Task_Performance_Percentage,Nback_LL-Secondary_Task_Performance_Time,Nback_ML-eye_0_lhipa,Nback_ML-eye_1_lhipa,Nback_ML-HRV,Nback_ML-HR,Nback_ML-HR_max,Nback_ML-HR_min,Nback_ML-HR_std,Nback_ML-Driving_Performance,Nback_ML-Secondary_Task_Performance_Percentage,Nback_ML-Secondary_Task_Performance_Time,Nback_HL-eye_0_lhipa,Nback_HL-eye_1_lhipa,Nback_HL-HRV,Nback_HL-HR,Nback_HL-HR_max,Nback_HL-HR_min,Nback_HL-HR_std,Nback_HL-Driving_Performance,Nback_HL-Secondary_Task_Performance_Percentage,Nback_HL-Secondary_Task_Performance_Time,VIS_LL-eye_0_lhipa,VIS_LL-eye_1_lhipa,VIS_LL-HRV,VIS_LL-HR,VIS_LL-HR_max,VIS_LL-HR_min,VIS_LL-HR_std,VIS_LL-Driving_Performance,VIS_LL-Secondary_Task_Performance_Percentage,VIS_LL-Secondary_Task_Performance_Time,VIS_ML-eye_0_lhipa,VIS_ML-eye_1_lhipa,VIS_ML-HRV,VIS_ML-HR,VIS_ML-HR_max,VIS_ML-HR_min,VIS_ML-HR_std,VIS_ML-Driving_Performance,VIS_ML-Secondary_Task_Performance_Percentage,VIS_ML-Secondary_Task_Performance_Time,VIS_HL-eye_0_lhipa,VIS_HL-eye_1_lhipa,VIS_HL-HRV,VIS_HL-HR,VIS_HL-HR_max,VIS_HL-HR_min,VIS_HL-HR_std,VIS_HL-Driving_Performance,VIS_HL-Secondary_Task_Performance_Percentage,VIS_HL-Secondary_Task_Performance_Time,Nback_LL-Secondary_Task_Performance_hit,Nback_LL-Secondary_Task_Performance_miss,Nback_ML-Secondary_Task_Performance_hit,Nback_ML-Secondary_Task_Performance_miss,Nback_HL-Secondary_Task_Performance_hit,Nback_HL-Secondary_Task_Performance_miss,VIS_LL-Secondary_Task_Performance_hit,VIS_LL-Secondary_Task_Performance_miss,VIS_ML-Secondary_Task_Performance_hit,VIS_ML-Secondary_Task_Performance_miss,VIS_HL-Secondary_Task_Performance_hit,VIS_HL-Secondary_Task_Performance_miss
1,999999,999999,999999,999999,999999,999999,999999,999999,999999,999999,999999,999999,999999,999999,999999,999999,999999,999999,999999,999999,999999,999999,999999,999999,999999,999999,999999,999999,999999,999999,999999,999999,999999,999999,999999,999999,999999,999999,999999,999999,999999,999999,999999,999999,999999,999999,999999,999999,999999,999999,999999,999999,999999,999999,999999,999999,999999,999999,999999,999999,999999,999999,999999,999999,999999,999999,999999,999999,999999,999999,999999,999999,999999,999999,999999,999999,999999,999999,999999
2,2.663037046,2.926884394,15.01509657,83.3875969,88,80,2.179218541,1.844444444,1.812319324,11.44072156,78.36956522,80,77,0.7330311,0.224115634,1,1.7795905,2.222222222,2.333333333,13.95085566,80.67391304,86,78,2.043593891,0.196271592,0.975,2.185548333,2.333333333,2.3,12.88111319,80.06521739,83,78,1.130643793,0.099488086,0.775,1.700518333,1.888888889,2.455555556,12.64428181,81.48484848,85,78,1.876831826,0.231071824,1,1.306168,3.351146738,2.466940771,13.13232711,79.08333333,82,77,1.359822107,0.232081049,1,1.52478325,2.8908161,2.433333333,12.00508798,83.35606061,90,80,3.186459458,0.470614313,0.95,1.760103889,10,0,9,0,2,1,20,0,20,0,18,0
3,999999,999999,999999,999999,999999,999999,999999,999999,999999,999999,999999,999999,999999,999999,999999,999999,999999,999999,999999,999999,999999,999999,999999,999999,999999,999999,999999,999999,999999,999999,999999,999999,999999,999999,999999,999999,999999,999999,999999,999999,999999,999999,999999,999999,999999,999999,999999,999999,999999,999999,999999,999999,999999,999999,999999,999999,999999,999999,999999,999999,999999,999999,999999,999999,999999,999999,999999,999999,999999,999999,999999,999999,999999,999999,999999,999999,999999,999999,999999
4,0.940690605,3.389265474,40.23472795,95.4962406,102,81,4.240201549,2.211111111,2.222469163,22.34775654,95.34065934,102,90,2.644587174,0.107672214,0.975,1.234885,2.222222222,2.222222222,13.05188294,109.4673913,117,100,3.904988691,0.072430548,0.975,1.415711667,3.389265474,3.40378198,16.1067865,105.8804348,118,96,5.077320398,0.136275798,0.85,1.581505,3.282715498,2.23830735,23.63911361,99.85496183,105,92,3.0117382,0.2472758,1,1.1561635,2.516778523,2.166907434,17.42245633,98.65151515,104,94,2.059658873,0.21348678,1,1.3919735,2.180685358,1.989109901,10.8546961,111.2651515,119,103,3.954015697,0.43285323,1,1.7055175,9,0,9,0,6,2,20,0,20,0,20,0
5,999999,999999,999999,999999,999999,999999,999999,999999,999999,999999,999999,999999,999999,999999,999999,999999,999999,999999,999999,999999,999999,999999,999999,999999,999999,999999,999999,999999,999999,999999,999999,999999,999999,999999,999999,999999,999999,999999,999999,999999,999999,999999,999999,999999,999999,999999,999999,999999,999999,999999,999999,999999,999999,999999,999999,999999,999999,999999,999999,999999,999999,999999,999999,999999,999999,999999,999999,999999,999999,999999,999999,999999,999999,999999,999999,999999,999999,999999,999999
6,2.011334593,1.922222222,10.46841852,98.90151515,105,95,2.135060316,3.13368152,3.001333926,23.4605116,85.4673913,91,81,2.415759341,0.124908993,1,1.474578,1.855555556,1.900422316,18.33779499,90.34782609,97,86,2.712430254,0.200820049,0.975,1.61642,2.057842047,2.103271756,20.60379779,87.11956522,91,84,1.73732923,0.147127778,0.8,2.08712125,3.567063007,1.977777778,30.08232978,87.31060606,91,76,2.86867242,0.179342199,0.925,1.455499706,1.988888889,2.044444444,20.25411088,88.28030303,92,84,2.129569575,0.199367178,0.975,1.555110526,3.455939549,2.066896322,18.52829485,93.25,97,88,1.675921275,0.590483129,0.875,1.823572333,10,0,9,0,5,3,17,0,19,0,15,0
7,2.278030892,2.322480276,70.91888711,65.76515152,71,63,1.650802599,2.344704967,2.4,49.6736603,76.65217391,90,70,5.232496251,0.086085352,1,1.610356,2.422222222,2.411111111,40.80835971,82.82417582,95,75,6.873413354,0.080759882,0.975,1.926555556,2.444444444,2.488888889,38.77718826,86.66304348,93,81,2.982839229,0.271445945,0.775,2.131989,2.244693855,2.411111111,53.75701623,70.36363636,81,67,3.095139707,0.133575627,1,1.57157525,2.233333333,2.444444444,51.15132467,74.86363636,89,69,5.062896415,0.076358528,1,1.720616,2.288888889,2.466666667,54.46520004,71.34848485,83,68,3.439927872,0.148519915,0.925,2.132134118,10,0,9,0,3,2,20,0,20,0,17,0
8,2.433333333,2.444444444,62.68566363,68.01503759,72,62,2.739257795,2.355555556,2.311111111,110.7744408,60.34482759,64,58,1.257872554,0.141088911,1,1.475972,2.5,2.322222222,69.55154623,66.23913043,69,63,1.849615502,0.160276851,0.975,1.619915,2.244444444,2.111111111,62.764167,68.58695652,72,62,2.294379588,0.076664887,0.825,1.428753,2.311111111,2.455828425,98.19866139,62.36363636,70,59,2.168202465,0.173122499,1,1.32116625,2.377777778,2.566666667,68.1572609,72.91666667,85,62,6.894268224,0.39148374,0.975,1.420833684,2.222222222,2.411379042,109.5305578,62.52419355,66,60,1.456153293,0.184990561,0.95,1.635528889,10,0,9,0,4,1,20,0,19,0,18,0
9,2.111111111,2.144682743,26.1241896,66.18939394,70,64,1.326493302,2,1.744638293,32.70161471,69.2826087,74,67,1.746587275,0.184082493,1,1.332439,1.9,1.877986443,18.00885008,73.54347826,79,68,3.440213098,0.477890733,0.95,1.601230833,2.200488998,1.866666667,22.4102606,71.27173913,74,69,1.720106549,0.21760788,0.8,1.8920645,3.28069395,1.945957967,33.43961262,65.61832061,69,64,0.999679454,0.156754658,1,1.2120955,1.923076923,2.046946268,20.96616686,67.32575758,69,66,0.821087713,0.110311517,1,1.27338475,3.213927017,1.955772864,27.36967119,67.13043478,69,66,0.96928247,0.205719745,1,1.55376225,10,0,10,2,6,4,20,0,20,0,20,0
10,3.17883739,1.988888889,40.94767541,66.36842105,71,62,2.235979489,2.2,3.322222222,50.90563545,57.62068966,60,56,0.860918773,0.118864323,0.975,1.608088333,2.355555556,3.733748194,44.71620876,61.5,63,59,1.024695077,0.049538699,0.95,1.3808305,2.344444444,2.756168037,44.99049282,61.57142857,65,59,1.583866858,0.244581345,0.825,1.843301667,3.422602511,2.1,49.42694868,62.31538462,65,59,1.622128779,0.16917201,0.95,1.324861667,3.033333333,2.033333333,50.80763117,64.90076336,70,60,3.435012721,0.267688193,1,1.6157365,3.421756576,1.933333333,48.29377871,62.82170543,67,59,1.990090226,0.137582414,0.875,2.063310333,9,0,9,1,3,0,18,0,20,0,15,0
11,2.455555556,1.400933956,27.12566177,67.13636364,70,64,1.654986621,2.155795088,1.37969714,13.57121136,90.48351648,94,84,2.298411479,0.222364495,1,1.4579725,2.055555556,1.833333333,20.83161165,84.70652174,95,80,4.543361243,0.139889073,0.975,1.470581667,2.077777778,2.478879502,19.79020399,80.62365591,85,75,2.655543921,0.100613613,0.775,2.120162778,2.191323693,1.711871943,19.6982969,79.18939394,81,75,1.436180624,0.152014138,1,1.1287765,1.2490242,3.133333333,16.73958603,83.99242424,87,76,2.294579291,0.103205687,1,1.3379575,2.345226187,2.579210673,21.72222276,78.87878788,83,74,2.149807261,0.15466477,0.975,1.621331053,10,0,9,0,5,4,20,0,20,0,19,0
12,0,0,28.22464826,89.50381679,94,86,1.907694527,3.567844799,2.939204291,20.94629449,93.40217391,99,88,3.339681652,0.059208156,1,1.327268,2.200733578,2.317290553,16.70691112,95.32608696,101,89,3.0435559,0.112965676,0.975,1.89838,1.811111111,1.988888889,12.56630765,103,111,95,4.363883392,0.119098692,0.85,1.825441667,2.118171683,2.450161488,26.79594933,86.37121212,93,82,2.529838008,0.163721262,1,1.40661725,2.477777778,2.044444444,24.16195356,95.06870229,121,87,8.917938727,0.460013355,1,1.63184,3.333333333,1.922222222,31.75386106,86.22137405,89,83,1.27985016,0.151891754,0.925,2.174732647,10,0,9,0,5,1,20,0,20,0,17,0
13,0,1.196340605,35.66898404,57.71774194,60,56,0.920733262,1.255974214,1.822222222,29.02840594,61.17391304,64,59,1.57844651,0.147401828,0.975,1.819350556,1.359245113,2.34689316,23.77487002,61.53846154,65,59,1.179566807,0.161120236,0.9,1.828535,0.967419104,2.322222222,28.00300947,63.23333333,68,61,2.201262264,0.710072711,0.8,1.977425,1.788888889,1.789286508,28.64673906,60.5,66,57,2.566799863,0.141489876,1,1.28892375,2.522222222,3.511111111,31.72929296,61.40625,67,58,2.108159372,0.228056251,0.975,1.379950263,2.472711072,1.855761751,26.98494951,61.13178295,67,60,1.601258444,0.227376808,1,1.70213425,9,0,8,2,5,3,20,0,19,0,20,0
14,999999,999999,999999,999999,999999,999999,999999,999999,999999,999999,999999,999999,999999,999999,999999,999999,999999,999999,999999,999999,999999,999999,999999,999999,999999,999999,999999,999999,999999,999999,999999,999999,999999,999999,999999,999999,999999,999999,999999,999999,999999,999999,999999,999999,999999,999999,999999,999999,999999,999999,999999,999999,999999,999999,999999,999999,999999,999999,999999,999999,999999,999999,999999,999999,999999,999999,999999,999999,999999,999999,999999,999999,999999,999999,999999,999999,999999,999999,999999
15,2.355555556,2.511111111,25.7858312,94.62406015,99,90,2.3383096,2.522222222,2.255555556,22.70063174,90.68478261,96,86,2.404386154,0.111615353,0.95,1.400222,2.422222222,2.211111111,24.72041466,102.9021739,111,88,5.733311856,0.700578214,1,1.9045325,2.211111111,2.34809704,18.16166715,107.4565217,117,99,4.379827879,0.28633282,0.825,2.43922,2.722524725,2.211111111,25.30591458,94.37121212,106,86,5.387141401,0.106992139,1,1.2554125,1.236355536,1.966885209,25.55311785,90.73484848,99,84,3.334529744,0.177775384,1,1.57929425,1.212393354,1.955772864,27.62663152,89.38043478,94,85,2.079100931,0.255120407,0.925,1.811142941,9,1,10,0,3,0,20,0,20,0,17,0
16,2.322222222,2.511111111,48.4840416,78.71212121,83,73,2.472669711,1.956642579,2.5,25.24263932,80.65151515,85,77,2.092500492,0.126422262,0.975,1.6022,2.093541203,2.422222222,35.97392218,78.94656489,90,74,4.353314044,0.094743168,1,1.430466,2,2.355817313,30.7518169,80.78195489,92,76,4.038049008,0.13410482,0.85,1.722760833,2.333333333,2.077777778,26.08535321,85.89247312,92,81,2.416174732,0.274865363,1,1.15587125,2.126475173,1.780349394,27.6810722,92.65217391,99,86,3.041148176,0.181273665,0.975,1.166488684,2.233581509,2.177777778,46.88686146,81.69230769,88,77,2.792030683,0.133717504,1,1.4206615,9,0,10,0,5,1,20,0,19,0,20,0
17,2.422222222,2.366666667,52.21030579,88.56060606,99,83,3.273533851,2.277777778,2.355555556,61.67463717,81.84946237,91,78,2.828222728,0.573958423,1,1.4006365,2.222222222,2.233581509,44.65521148,85.48913043,94,77,4.330113376,0.235589732,0.975,1.461490556,2.189132126,2.200244472,51.60809631,83.77173913,92,78,3.617900126,0.190144702,0.9,1.376739375,2.344444444,2.511111111,53.11718286,83.18181818,93,76,4.665830307,0.182420881,1,0.99434825,2.314196707,2.313424536,53.61283315,84.28787879,97,77,4.543610737,0.304810823,1,1.235242,2.171975941,2.511111111,52.89302181,83.45454545,94,77,3.618897447,0.307348078,1,1.5966995,10,0,9,0,7,1,20,0,20,0,20,0
18,1.067003212,1.113762928,52.16959523,73.88721805,79,70,2.256666433,2.455555556,2.5,52.50368904,72.09782609,75,69,1.602035272,0.07482273,1,1.5218055,2.511111111,2.455828425,48.78007978,71.98484848,76,69,1.5762674,0.430126773,0.9,1.68932,2.488888889,2.311111111,47.23318414,71.28571429,74,69,1.171713618,0.350438131,0.75,2.04050625,2.088888889,1.955555556,46.63583132,75.15151515,78,72,2.028153543,0.629353033,1,1.3865125,2.344444444,2.433333333,60.85761131,72.25757576,75,70,1.112063412,0.268929947,1,1.5883375,2.155555556,2.455828425,55.63745786,72.59848485,77,70,1.445263154,0.31676955,0.975,1.918204474,10,0,7,1,2,2,20,0,20,0,19,0
19,2.144682743,2.022222222,34.6784127,85.99236641,94,82,2.346009063,2.573422507,2.067126028,40.97908874,90.36956522,95,86,1.9433129,0.28965331,1,1.3952915,2.17801978,2.077777778,32.9031212,94.67391304,101,90,2.824999791,0.235805876,0.95,1.5981205,2.288888889,2.066666667,21.70329392,103.0108696,109,97,3.324790171,0.460700606,0.875,1.904833571,1.932960894,2.344704967,43.24499706,83.63636364,87,80,1.629615716,0.283165012,1,1.30388675,1.822222222,2.255555556,39.24049941,82.46212121,86,79,1.657879729,0.232558328,1,1.52313075,2.055555556,2.133570397,34.19762086,89.85714286,98,86,3.066047043,0.152637981,0.95,1.790583889,10,0,9,1,6,1,20,0,20,0,18,0
20,1.855555556,0.67257034,26.52342714,68.93023256,72,67,1.17589515,2.224199288,1.868535202,40.5037877,62.57303371,65,60,1.160081753,0.16375664,1,1.5524925,2.177777778,3.022222222,30.02654503,66.41304348,71,64,2.167708537,0.208929179,0.975,1.958690556,2.056469542,1.945957967,29.74433181,71.41304348,80,64,5.198562038,0.096295389,0.875,1.893203,2.080769661,2.249328559,35.54336463,66.04580153,70,63,1.972569895,0.155361365,1,1.3162505,2.1,2.288888889,36.48873088,66.10606061,70,63,1.899990334,0.238521696,1,1.500957,2.055555556,2.233581509,29.46672494,70.44360902,78,65,4.403371118,0.364377152,0.975,1.593098421,10,0,9,0,5,0,20,0,20,0,19,0
21,2.388888889,2.288888889,29.66349738,77.75572519,81,74,1.204898419,2.433603734,2.3,24.7373011,84.67391304,87,83,1.054067645,0.138375323,1,1.2267975,2.011111111,2.171975941,20.95442464,103.8043478,114,94,5.894432027,0.170346931,0.95,1.4261435,2.077777778,2.088888889,13.63254026,102.5326087,107,97,2.267209964,0.161755262,0.975,1.809793333,2.145397955,2.511390154,28.25970076,81.95454545,87,77,2.516200949,0.162783099,1,1.2739715,2.09028241,2.377777778,24.59442002,84.26515152,88,82,1.491693407,0.187580352,1,1.4290545,1.911535897,2.377777778,17.69978652,93.12121212,98,86,2.949140355,0.100185704,0.975,1.537712368,10,0,9,1,9,0,20,0,20,0,19,0
22,2.277777778,2.444444444,35.30986066,87.93939394,94,84,2.080783564,2.277777778,2.411111111,39.3305239,83.84782609,87,81,1.566877139,0.098733259,0.95,1.475391,2.278030892,2.211356817,42.16080328,93.03296703,103,87,4.02587933,0.073062612,1,2.116439,1.922222222,2.188888889,30.24860364,98.65217391,109,91,3.965708398,0.382154151,0.825,2.058892,2.1,2.433333333,36.31131298,84.15909091,93,81,2.131401394,0.351378886,1,1.280535,1.977777778,2.355555556,35.60416392,86.3030303,94,83,2.605179555,0.165162535,1,1.3603655,1.977997555,2.288888889,44.5690133,95.03787879,114,86,9.344748406,0.368945294,0.975,1.618836316,9,1,10,0,4,1,20,0,20,0,19,0
23,2.107171179,1.939123281,138.087904,76.42748092,80,71,2.107893324,4.603694875,4.901668653,44.0356998,89.375,95,85,2.375,0,1,1.810978,2.300255584,2.288888889,36.97236865,97.55434783,109,90,4.39209797,0,1,1.8491165,1.911111111,2.188888889,28.40950545,99.59340659,109,91,4.764746968,0,0.85,2.10219875,2.111345705,2.444444444,58.59929916,83.90909091,88,81,1.725277955,0.119321258,1,1.1281285,2.17801978,2.355555556,63.4958074,85.31818182,90,81,1.924003803,0.10120058,1,1.29623425,2.28081887,2.590615966,41.95499224,87.21969697,90,85,1.189056119,0.425784648,0.875,1.699241,10,0,10,0,4,0,20,0,20,0,15,0
24,2.4,2.522222222,94.04444238,61.4488189,67,57,2.48050243,2.466666667,2.466666667,57.74546269,71.07608696,76,67,2.630232655,0.072453868,0.95,1.69488,2.477777778,2.455828425,70.03919538,70.61538462,78,62,5.232546563,0.341428801,0.95,2.173825,2.433333333,2.311111111,58.80929016,68.93548387,75,63,3.78680917,0.244843139,0.825,2.169933333,2.355555556,2.411111111,63.87529597,70.34848485,78,67,2.085247055,0.233413845,0.95,1.621766667,2.366666667,2.5225025,63.94600537,71.15909091,76,65,3.424133479,0.206774657,1,1.63443,2.422222222,2.555555556,45.38966153,74.92424242,80,70,2.580877265,0.549847796,0.8,2.156891667,9,1,8,0,6,3,18,0,20,0,12,0
25,2.422491388,2.366666667,53.49737812,73.54545455,82,68,3.856053164,2.511111111,2.488888889,43.39532056,77.48913043,81,72,2.199281331,0.238990356,1,1.52221,2.489165463,2.377777778,35.20317793,81.60869565,87,77,2.288708207,0.200356462,1,1.77719,2.455555556,2.366666667,39.48135988,86.49450549,90,80,2.322246101,1.344722622,0.8,2.0372875,1.944444444,2.566951884,44.245067,77.32575758,82,69,2.413648728,0.183923767,1,1.18513,2.4,2.422222222,40.78055217,82.10606061,87,78,2.147082502,0.177220341,1,1.292645,2.077777778,2.522222222,49.70102924,77.74045802,85,70,3.30298913,0.200738545,0.975,1.875463158,10,0,10,0,5,3,20,0,20,0,19,0
26,1.545981585,1.740294511,38.16706946,77.93181818,82,75,1.533431396,2.278030892,2.366666667,26.61582563,77.48387097,79,76,0.911254638,0.162385951,1,1.48915,2.211602578,2.211111111,20.51855231,78.80434783,82,76,1.533957162,0.629679549,1,1.75042,2.100933748,2.178988327,18.35965476,82.48913043,86,79,1.850349939,0,0.8,2.049975,3.082229888,1.990658363,17.71896814,82.56818182,85,81,0.914472706,1.568967476,1,1.115925,3.128130914,2.17801978,18.2411748,83.9469697,87,82,1.620486244,0.303290863,1,1.183575,3.239959501,2.01693782,18.84954492,81.20454545,84,80,0.918980301,0.212568247,1,1.432875,10,0,10,0,3,1,20,0,20,0,20,0
27,2.466666667,1.86895094,47.86877737,67.15909091,74,62,2.754691715,2.511111111,2.422222222,47.36809331,69.2826087,72,68,1.024971759,0.161485533,0.95,1.5849625,2.2,2.266666667,44.63613576,78.86956522,85,74,3.022442833,0.385694866,0.775,1.654557143,2.433333333,2.477777778,47.24910857,70.7311828,73,69,0.99611919,0.139752601,0.85,2.0364625,2.055555556,2.011111111,40.2517839,69.87878788,72,68,1.051912422,0.26779516,1,1.389125,3.477777778,3.388888889,46.44688339,71.06060606,74,69,1.253827931,0.15625163,0.975,1.684873684,1.81151367,1.956642579,45.35071138,69.00757576,72,67,1.111211543,0.256703896,0.975,1.967231579,8,0,4,3,6,2,20,0,19,0,19,0
28,2.144444444,1.977997555,31.39553136,80.66666667,86,77,2.032563192,1.848552339,2.242403857,20.54263858,84.9673913,89,83,1.492379825,0.107056063,0.975,1.681211111,2.144053601,2.250445633,14.53818062,92.89247312,97,88,2.091777891,0.101083516,0.925,1.740327273,2.133333333,2.244444444,19.2326059,87.3030303,93,81,2.943764324,0.385013375,0.8,2.20955,1.811715016,2.322222222,24.75282388,81.81060606,86,79,1.77154519,0.254138489,1,1.48931,2.133333333,2.555555556,25.57969137,83.83333333,89,81,2.03069874,0.513169566,0.925,1.721538889,2.3,2.4,25.88509548,81.29545455,85,78,1.516268528,0.296319266,0.95,1.7808,9,0,9,2,3,1,20,0,17,0,18,0
29,2.433333333,2.433333333,82.02159462,72.90151515,87,62,6.041347241,2.411111111,2.477777778,51.51464104,76.08695652,80,70,2.384971853,0.707790636,1,1.33983,2.422222222,2.411111111,30.89827336,82.84782609,89,76,4.154449638,0.546062893,0.975,1.796988889,2.433333333,2.633333333,39.44368578,78.53763441,83,72,2.826750632,0.39613611,0.85,1.99205,2.344444444,2.4,68.00910573,72.32824427,76,70,1.617852446,0.280958526,0.975,1.425363158,2.266666667,2.511111111,53.72370651,72.53030303,76,70,1.411207273,0.110755446,0.975,1.312210526,2.088888889,2.488888889,54.70622444,72.15151515,75,69,1.539799517,0.219622085,1,1.68934,10,0,9,0,6,2,19,0,19,0,20,0
30,2.20465427,2.357805341,67.47705293,66.97727273,70,64,1.940266731,2.088888889,2.066666667,69.04675623,64.52808989,68,61,1.529411193,0.096929837,1,1.57575,1.847523651,2,63.87221102,66.95652174,69,65,0.919747644,0.272933011,0.975,2.076177778,3.374916462,1.9,52.80233855,67.65591398,69,64,1.213673209,0.293194322,0.775,1.58964,3.633333333,2.2,64.19489647,68.70454545,73,66,1.496149788,0.32810763,1,1.21327,3.500777951,2.255555556,69.3326972,68.31818182,73,65,1.90818882,0.62386349,1,1.477045,1.822627251,2.288888889,72.96741927,67.58333333,70,65,1.267553517,0.298099345,0.975,1.874363158,10,0,9,0,3,2,20,0,20,0,19,0
31,1.311402534,2.211356817,46.3823308,67.21212121,76,62,3.477264475,1.944444444,2.277777778,58.98341698,62.86021505,65,60,1.274998611,0.202413653,0.975,1.639855556,2.155795088,2.411111111,49.20930355,66.04395604,73,62,2.900974023,0.307377454,0.925,1.792745455,2.222469163,2.244693855,47.4524632,66.39130435,77,63,3.644401668,0.349638179,0.825,1.90716,1.705182858,2.054947509,47.4678678,68.72727273,74,62,3.328233013,0.166791133,1,1.149005,2.907430099,2.910882221,50.10398278,74.45112782,100,64,7.779350114,0.213097207,0.975,1.317231579,2.8,2.941831959,38.79236173,77.21212121,84,72,2.662962303,0.248601199,0.95,1.814205556,9,0,9,2,4,1,20,0,19,0,18,0
32,2.177777778,1.911111111,5.213886783,63.74045802,64,63,0.438383329,1.943502825,2.081468218,5.247710123,61.2173913,62,61,0.412470999,0.192165125,1,1.73712,2.089121013,3.334074239,5.005431832,62.02150538,63,61,0.292504742,0.194771128,0.95,1.6519,1.988888889,3.166666667,5.317117558,62.64516129,65,62,0.979852538,0.133866402,0.8,1.779875,2.992741485,2.555839538,5.640760748,63.42105263,65,63,0.508728717,0.479573323,1,1.593915,1.722222222,2.533333333,5.863589292,63.58333333,64,63,0.493006649,0.259675272,1,1.724645,3.311479053,2.533333333,11.0982225,62.43076923,63,60,0.944119138,0.30044009,0.875,2.03852,10,0,9,1,5,3,20,0,20,0,15,0
33,3.259892086,1.966666667,36.18331878,79.20769231,85,76,2.092830817,2.33411137,2.233333333,36.9586939,76.36956522,79,74,1.515982902,0.148919882,1,1.81682,2.279297309,2.344444444,23.63667294,94.18478261,106,84,6.324433894,0.281474061,1,1.87645,2.166666667,2.31136793,25.52137652,90.72826087,102,83,4.660433038,0.37370539,0.825,1.82448,2.166666667,2.233333333,30.27999113,82.41666667,99,76,6.471431,0.11435602,1,1.222595,3.255555556,2.3,35.62088332,79.49242424,86,73,2.993670627,0.171375955,1,1.30386,3.211111111,2.244693855,27.56727309,78.10526316,86,72,3.594614095,0.212286011,1,1.450435,10,0,10,0,4,1,20,0,20,0,20,0
34,2.555555556,2.433603734,15.53016569,79.65384615,87,75,3.262164309,2.488888889,2.277777778,19.4427873,78.7173913,80,77,0.742002094,0.155411258,1,1.55332,2.288888889,2.233581509,20.50864197,82.94565217,89,78,2.924276687,0.199296305,0.95,1.65996,2.270450751,2.277777778,23.1467436,85.98924731,92,83,2.890453786,0.166466223,0.9,2.109183333,3.106212425,2.266918547,20.43578264,81.79699248,87,78,1.602438924,0.403280426,1,1.191385,2.066896322,2.255806201,17.23678828,80.74242424,85,78,1.569699895,0.294637857,0.975,1.132142105,1.472721187,1.866874097,20.66918926,83.40458015,87,81,1.264782068,0.228044532,0.95,1.614744444,10,0,9,1,6,0,20,0,19,0,18,0
35,2.589176575,2.288888889,69.58470558,65.04651163,72,61,2.741754277,2.322222222,2.188888889,63.07957647,69.80434783,78,66,3.180234919,0.459670152,0.925,1.637690909,2.324805339,2.224941595,47.5688974,73.53846154,80,70,3.064535504,0.361441323,0.9,1.480375,2.355817313,2.000666889,50.31611184,70.15384615,76,65,3.667268579,0.372826328,0.875,1.849085714,2.355555556,2.211356817,58.16251252,63.45454545,68,61,1.478961738,0.218079704,1,1.31386,2.222222222,2.145159498,55.1950388,65.48854962,69,63,1.437589226,0.31427989,1,1.545275,2.211111111,2.144444444,63.56595606,64.61832061,69,62,1.344812001,0.302547089,0.95,1.858855556,9,2,7,1,6,1,20,0,20,0,18,0
36,2.17801978,2.444444444,66.35377909,62.94444444,69,60,2.485850612,2.388888889,2.388888889,40.74843289,69.52688172,80,65,4.004275666,0.066002439,1,1.68174,2.355555556,2.522222222,37.95616326,75.4673913,81,69,3.373332396,0.131621086,1,1.77898,2.344444444,2.411111111,36.89069092,76.68478261,85,70,4.608426469,0.259651189,0.925,1.916255556,3.679413072,2.477777778,41.97445606,72.64393939,88,66,6.839205802,0.413737446,1,0.947045,3.611111111,2.388888889,47.08883922,68.1969697,75,66,2.300985935,0.192689904,1,1.01815,3.456323627,2.3,45.4829051,69.20454545,75,66,2.47330792,0.218148973,1,1.24966,10,0,10,0,8,1,20,0,20,0,20,0
37,2.366929659,2.38915435,24.11965614,70.08527132,74,67,1.867847112,2.466940771,2.500555679,26.25027472,69.98913043,72,68,1.281087897,0.178143415,1,1.49868,2.288888889,2.355555556,31.71013416,75.66666667,81,72,2.411144971,0.18715527,1,1.78437,2.300255584,2.011334593,31.36877428,85.25,95,75,5.140683849,0.455274174,0.75,,2.166907434,2.544727192,23.36566281,69.06060606,71,68,0.693668069,0.324532298,1,1.20748,2.182871144,2.588888889,26.68804804,69.84848485,71,68,0.69068311,0.31248528,1,1.38391,2.511111111,2.344444444,27.88803371,71.7518797,76,69,2.071670769,0.190396712,0.975,1.697447368,10,0,10,0,0,0,20,0,20,0,19,0
38,2.455555556,2.566666667,34.31188342,67.51515152,73,64,1.971327996,2.44471608,2.578064229,35.27848393,71.70652174,76,69,2.002922015,0.115120667,1,1.26487,2.544727192,2.544727192,21.06896056,82.04347826,89,78,2.785494428,0.164370439,1,1.51359,2.433603734,2.288888889,23.55400622,80.4673913,85,75,3.023283153,0.093457014,0.9,1.8373375,3.428571429,2.422222222,30.5169206,74.35606061,78,71,1.826291887,0.16228029,1,1.202675,1.911111111,2.433333333,26.0986295,74.48091603,79,72,1.838316293,0.201533063,1,1.28496,2.168566957,2.485510477,24.65750122,76.28030303,81,73,2.365517414,0.380498253,0.95,1.487805556,10,0,10,0,7,1,20,0,20,0,18,0
39,1.911111111,2.766974108,67.44089864,71.25,75,68,1.601963757,2.444444444,2.411111111,33.24087911,70.88043478,74,67,1.792753477,0.152620328,1,1.5814,2.3,2.166666667,30.67446946,79.54347826,87,75,3.301557747,0.363598228,0.85,1.95,1.779953276,2.045580878,34.66346139,71.8021978,79,68,2.794105964,0.132645833,0.9,1.638866667,1.822222222,2.533333333,32.55954593,70.52307692,73,67,1.284315949,0.411890278,1,1.24654,3.122569174,2.5225025,37.85377652,69.28030303,72,66,1.36134066,0.180875473,1,1.588315,2.990550306,2.422222222,35.03782035,69.00757576,71,67,0.965277571,0.122674453,0.975,1.948089474,10,0,4,0,6,0,20,0,20,0,19,0
40,1.843428298,1.956367086,66.44265162,83.27272727,103,76,5.781489413,2.266666667,2.466666667,45.11328841,72.75,75,70,1.456805618,0.161119484,1,1.51043,2.477777778,2.333333333,34.95648787,76.83695652,80,73,1.610273903,0.089562149,1,1.61789,2.284886313,2.284886313,39.7682849,77.08695652,81,73,2.155136301,0.156301234,0.8,2.20115,2.388888889,2.4,64.23858202,71.84848485,75,68,1.64448043,0.211492863,1,1.190265,2.366666667,2.455555556,43.41579549,70.91666667,76,68,1.753963765,0.192739926,1,1.420115,2.588888889,2.444444444,60.55758725,74.5530303,85,69,4.399232705,0.372533004,1,1.664475,10,0,10,0,3,1,20,0,20,0,20,0
41,2.378042005,2.588888889,21.91644974,67.17557252,70,65,1.883965754,2.478053117,2.466940771,22.17562269,75.94565217,82,70,4.281822373,0.256736486,1,1.77765,2.011111111,2.088888889,20.45391496,79.70652174,85,71,4.61457531,0.161355666,0.95,1.6489375,2.433118081,2.296426479,16.86696492,79.06521739,83,74,2.705888698,0.146098546,0.925,2.0851,2.300255584,2.555839538,36.21553376,66.15909091,70,62,1.641458818,0.180551434,0.975,1.525389474,2.166666667,2.455555556,27.84923971,67.22727273,71,64,1.579177524,0.159007296,1,1.63257,2.177777778,2.457740214,29.61083462,68.01515152,78,63,3.84350071,0.092237927,1,1.79725,10,0,8,0,9,2,19,0,20,0,20,0
42,2.434956638,1.983507912,42.94544587,64.28037383,69,60,2.716493041,3.255917324,2.222469163,50.03260301,63.34831461,66,60,1.514730099,0.091168919,1,1.50336,3.07846188,2.17801978,38.89122616,64.90217391,69,63,1.726140345,0.148782351,1,1.43786,3.144793866,2.011111111,35.43311297,65.86956522,69,58,2.743440364,0.194523083,0.975,1.635222222,2.555839538,2.222469163,43.92314224,65.38345865,68,62,1.525333956,0.143234855,1,1.386165,2.570093458,2.166666667,45.66070521,63.48854962,67,59,2.256006105,0.253387216,1,1.666075,2.535023349,2.277777778,49.89798754,65.54545455,69,62,1.797993985,0.282985005,0.975,1.9291,10,0,10,0,9,0,20,0,20,0,19,0
43,2.10046677,1.878821568,45.45975305,91.31538462,104,83,5.589873558,2.455555556,2.411379042,36.20530591,97.52173913,102,93,2.199200748,0.215497118,0.975,1.784533333,2.555839538,2.344704967,12.89142695,106.5054945,112,101,2.446678064,0.152096804,0.95,1.6615,2.566666667,2.3,10.76730155,111.4193548,117,105,2.472744245,0.341332022,0.775,2.263833333,1.866874097,2.422491388,34.90911276,91.51145038,99,86,2.682616964,0.179103829,1,1.25766,2.855555556,2.455555556,15.73201142,99.37121212,105,95,2.108443714,0.1219324,1,1.45174,3.678186465,2.355555556,36.77775215,91.96212121,96,87,1.963320097,0.184506875,1,1.788345,9,0,9,1,2,1,20,0,20,0,20,0
44,2.378042005,2.538410154,18.12888547,109.5075758,117,102,3.161070523,1.837211892,2.366666667,12.509996,111.3548387,116,104,2.51723163,0.159676682,1,1.39132,2.322222222,1.95860227,11.99587841,115.7717391,124,104,5.324478462,0.222395676,1,1.805,2.048769625,2.333592621,10.38707391,120.5698925,135,111,6.274025391,0.138863004,0.825,1.50876,3.473613894,2.133333333,11.21034146,107.7651515,115,102,2.773958577,0.314261947,1,1.155645,1.878195154,2,13.61969835,112.0378788,120,99,4.813814249,0.558297345,0.95,1.473488889,1.679731243,2.444444444,11.86823331,110.4166667,118,104,3.776004114,0.358211398,0.95,1.843638889,10,0,10,0,4,1,20,0,18,0,18,0
45,1.811312368,3.274671419,17.49460113,103.7348485,117,97,3.40645521,2.177777778,1.855555556,17.07900195,105.7717391,111,98,2.699046776,0.163585919,0.9,1.797266667,3.450593771,2.844077627,18.0323275,108.0217391,117,101,3.482809526,0.277633106,0.95,2.01739,3.5,2.745969983,15.2894299,104.6593407,110,100,2.229767544,0.116890645,0.775,1.83154,2.144444444,2.411379042,14.30395237,105.8333333,114,100,2.42826371,0.239844478,1,1.54582,1.955555556,2.255555556,16.07093056,104.5378788,113,98,2.58610888,0.116532824,1,1.69537,2.122458051,2.192543127,14.54251063,105.9770992,111,101,2.249565349,0.19351181,0.975,1.803521053,6,0,9,1,3,2,20,0,20,0,19,0
46,2.355555556,1.834556371,55.50585555,80.3740458,87,77,1.722486565,2.455828425,2.355817313,51.03101836,82.05434783,85,79,1.288444718,0.127132085,1,1.64607,2.1,2.155555556,121.5687297,90.98913043,102,81,5.680811648,0.267855102,0.975,1.828055556,2.277777778,2.155555556,30.56194707,88.37634409,93,85,1.765341226,0.226051424,0.825,1.774485714,2.177777778,2.611401267,55.34451434,83.03787879,89,79,2.277709186,0.253164244,1,1.188935,2.077777778,2.5225025,47.00885088,87.79545455,95,83,3.263059162,0.448328474,1,1.23197,2.155555556,2.578064229,45.30835826,84.38636364,89,81,1.574646316,0.205489426,0.95,1.499611111,10,0,9,0,5,2,20,0,20,0,18,0
47,2.444444444,2.244444444,94.1391281,53.73913043,57,51,2.047636842,2.422222222,2.3,53.29523452,60.25555556,62,59,0.863598558,0.248742536,1,1.81265,2.5,2.466666667,40.15957182,65.75,71,59,3.048966325,0.135119292,0.975,2.011327273,2.411915083,2.423029899,40.05970818,67.7173913,71,62,2.771462049,0.174467456,0.925,2.224742857,2.122458051,2.255555556,54.86057364,59.70866142,62,57,1.447834311,0.16960199,1,1.51383,2.333333333,2.367455819,49.30632451,62.90225564,65,60,1.273587448,0.103783086,1,1.60137,2.3,2.222222222,54.80735492,60.6870229,64,57,1.918507568,0.191308288,0.975,1.8744,10,0,10,1,7,0,20,0,20,0,19,0
48,2.355555556,2.3,59.2225269,72.0610687,80,65,4.176918995,2.255555556,2.422222222,55.46733273,68.47191011,76,62,3.693571359,0.063636957,0.975,1.748322222,2.355817313,2.388888889,63.07616479,67.08860759,73,64,1.975738115,0.167937935,0.9,1.6114375,2.411111111,2.344444444,43.99242359,69.42045455,73,67,1.427980065,0.149055076,0.8,1.756725,1.834964413,2.511111111,53.42284156,69.53787879,73,67,1.32233324,0.263353221,1,1.064035,3.033333333,2.466666667,62.70357615,70.41221374,73,68,1.429622429,0.310408782,1,1.15057,2.946081156,2.522222222,55.26437836,69.87969925,76,66,2.44037959,0.198025471,0.975,1.423257895,9,0,7,1,3,1,20,0,20,0,19,0
49,2.865744871,2.620720419,15.49993748,89.51538462,93,85,1.678986028,2.122222222,2.037181343,18.73675356,93.5,98,90,1.991831144,0.213944941,0.975,1.588377778,2.1,2.111111111,17.51710128,93.66666667,99,88,2.471291098,0.233782052,0.875,1.626871429,1.86895094,1.877777778,18.25573168,90.80645161,99,85,3.701955498,0.724664834,0.875,1.8144,3.13368152,2.333333333,15.24657389,94.07575758,99,90,2.20062392,0.176704488,0.975,1.307878947,1.955555556,2.111111111,20.69243637,88.16793893,95,82,2.214293166,0.173729039,0.975,1.653052381,1.733525947,2.366929659,17.75425978,90.22727273,96,83,2.72360865,0.490172305,0.875,2.208946667,9,0,6,1,7,2,19,0,20,1,15,0
